{"stat.useItem.20":48,"stat.useItem.155":138,"stat.walkOneCm":52629,"stat.useItem.156":2,"stat.useItem.116":2,"stat.useItem.160":9,"stat.useItem.120":1,"stat.jump":51,"stat.swimOneCm":116,"stat.useItem.126":21,"achievement.exploreAllBiomes":{"value":0,"progress":["Ocean"]},"stat.useItem.42":19,"stat.useItem.133":7,"stat.useItem.44":33,"stat.useItem.89":87,"stat.useItem.41":4,"stat.useItem.85":48,"stat.useItem.139":34,"achievement.openInventory":34,"stat.useItem.138":19,"stat.flyOneCm":45810,"stat.drop":18,"stat.useItem.101":2,"stat.playOneMinute":117776,"stat.useItem.18":6,"stat.useItem.57":18}